{
  "experiment": "final_vs_vector_only_baseline",
  "baseline": "vector-only (original HiRAG), top_k=20",
  "final": "hybrid RRF k=10 + structured_prompt + chunk_reranking + community_filtering",
  "query_count": 130,
  "judge_openai": {
    "judge_expected_count": 260,
    "judge_record_count": 260,
    "Comprehensiveness": {
      "baseline": 0.35384615384615387,
      "improved": 0.6461538461538462,
      "count": 260
    },
    "Empowerment": {
      "baseline": 0.36153846153846153,
      "improved": 0.6384615384615384,
      "count": 260
    },
    "Diversity": {
      "baseline": 0.3576923076923077,
      "improved": 0.6423076923076924,
      "count": 260
    },
    "Overall Winner": {
      "baseline": 0.36923076923076925,
      "improved": 0.6307692307692307,
      "count": 260
    }
  }
}